{"0xc58e0a4284550c6276b64a67048358bb2acdba92e69861524779aaa518f04386": {"gas_used": 50519, "mem_size_at_copies": [17, 20, 21, 25], "pcs_at_copies": [10917, 10966, 10974, 11045], "savings": 0.030087689780082742}, "0xec9cfeab12500347fd510866c40ad0a1dd9b0c32099c7c51a3f715a036094a01": {"gas_used": 245768, "mem_size_at_copies": [17, 20, 21, 25, 15, 16, 17, 22, 25, 26, 30, 33, 35, 38, 38], "pcs_at_copies": [10917, 10966, 10974, 11045, 5361, 5369, 5377, 4905, 4974, 4982, 5073, 5183, 5196, 5288, 5439], "savings": 0.02828277074313987}, "0x6162487dc5f80207107fe82af94565af855047cb1346189d01c3319dafbf35e2": {"gas_used": 30570, "mem_size_at_copies": [16, 17, 19, 22, 25, 27, 30, 32, 33, 36, 36], "pcs_at_copies": [3796, 3804, 3817, 3200, 3269, 3305, 3390, 3461, 3469, 3561, 3869], "savings": 0.17648020935557737}, "0xb51385a28a552ddc7938178957f2e21676b7389b69bbc599664d0c48610b8269": {"gas_used": 179593, "mem_size_at_copies": [19, 11, 22, 24, 25, 26, 27, 29, 30, 30, 30, 30, 32, 35, 37, 43, 44, 45, 16, 17, 19, 22, 25, 27, 30, 32, 33, 36, 36, 48, 48, 48], "pcs_at_copies": [7632, 763, 7660, 7725, 7733, 7741, 7749, 7762, 7770, 6693, 6770, 6778, 6877, 6959, 6972, 7061, 7069, 7077, 3796, 3804, 3817, 3200, 3269, 3305, 3390, 3461, 3469, 3561, 3869, 7110, 7167, 7866], "savings": 0.1002823049896154}}