account,"aggregate percentage savings for most popular contracts with mcopy"
0x1c805cd11be4fc7ee60a2b6b490cb217caafa9bd,3.4859298467116466e-05
0x3af1831a7909c1147882676b5aa0d688f5dc39e0,0.0004644928738406384
0xf748a20ef5be9d6145a6a8e4297e5652df82ffc8,0.0
0x9d089327f26f3ffe5cde7b50d5ca2a6b4ba2167e,0.00020052900885356777
0x80af31b494de6e3a5657e5a3abeae59949c7f070,0.0
